episode_name,season_number,episode_number
days gone bye,1,1
guts,1,2
tell it to the frogs,1,3
vatos,1,4
wildfire,1,5
ts-19,1,6
what lies ahead,2,7
bloodletting,2,8
save the last one,2,9
cherokee rose,2,10
chupacabra,2,11
secrets,2,12
pretty much dead already,2,13
nebraska,2,14
triggerfinger,2,15
18 miles out,2,16
"judge, jury, executioner",2,17
better angels,2,18
beside the dying fire,2,19
seed,3,20
sick,3,21
walk with me,3,22
killer within,3,23
say the word,3,24
hounded,3,25
when the dead come knocking,3,26
made to suffer,3,27
the suicide king,3,28
home,3,29
i ain't a judas,3,30
clear,3,31
arrow on the doorpost,3,32
prey,3,33
this sorrowful life,3,34
welcome to the tombs,3,35
30 days without an accident,4,36
infected,4,37
isolation,4,38
indifference,4,39
internment,4,40
live bait,4,41
dead weight,4,42
too far gone,4,43
after,4,44
inmates,4,45
claimed,4,46
still,4,47
alone,4,48
the grove,4,49
us,4,50
a,4,51
no sanctuary,5,52
strangers,5,53
four walls and a roof,5,54
slabtown,5,55
self help,5,56
consumed,5,57
crossed,5,58
coda,5,59
what happened and what's going on,5,60
them,5,61
the distance,5,62
remember,5,63
forget,5,64
spend,5,65
try,5,66
conquer,5,67
first time again,6,68
jss,6,69
thank you,6,70
here's not here,6,71
now,6,72
always accountable,6,73
heads up,6,74
start to finish,6,75
no way out,6,76
the next world,6,77
knots untie,6,78
not tomorrow yet,6,79
the same boat,6,80
twice as far,6,81
east,6,82
last day on earth,6,83
